month,filename,bytes,gib,average_daily_mib
2012-01,RC_2012-01.parquet,2299573066,2.1416,70.7433
2012-02,RC_2012-02.parquet,2289042111,2.1318,75.2759
2012-03,RC_2012-03.parquet,2544199908,2.3695,78.269
2012-04,RC_2012-04.parquet,2695213332,2.5101,85.6785
2012-05,RC_2012-05.parquet,2902340213,2.703,89.2867
2012-06,RC_2012-06.parquet,3108553586,2.8951,98.8183
2012-07,RC_2012-07.parquet,3390864215,3.158,104.3155
2012-08,RC_2012-08.parquet,3586127358,3.3398,110.3225
2012-09,RC_2012-09.parquet,3255408146,3.0318,103.4866
2012-10,RC_2012-10.parquet,3446895148,3.2102,106.0392
2012-11,RC_2012-11.parquet,3440611629,3.2043,109.3741
2012-12,RC_2012-12.parquet,3601959208,3.3546,110.8095
2013-01,RC_2013-01.parquet,4196482372,3.9083,129.0993
2013-02,RC_2013-02.parquet,3786704315,3.5266,128.9744
2013-03,RC_2013-03.parquet,4249494829,3.9577,130.7301
2013-04,RC_2013-04.parquet,4536100034,4.2246,144.1987
2013-05,RC_2013-05.parquet,4619970463,4.3027,142.1273
2013-06,RC_2013-06.parquet,4570312876,4.2564,145.2863
2013-07,RC_2013-07.parquet,4914318310,4.5768,151.1826
2013-08,RC_2013-08.parquet,4916159864,4.5785,151.2392
2013-09,RC_2013-09.parquet,4516812781,4.2066,143.5856
2013-10,RC_2013-10.parquet,5016271690,4.6718,154.319
2013-11,RC_2013-11.parquet,5119730278,4.7681,162.7518
2013-12,RC_2013-12.parquet,5438158721,5.0647,167.2978
2014-01,RC_2014-01.parquet,6123791482,5.7032,188.3904
2014-02,RC_2014-02.parquet,5638200206,5.251,192.036
2014-03,RC_2014-03.parquet,6195816434,5.7703,190.6062
2014-04,RC_2014-04.parquet,6136386811,5.715,195.0705
2014-05,RC_2014-05.parquet,6257456701,5.8277,192.5024
2014-06,RC_2014-06.parquet,6124955470,5.7043,194.7071
2014-07,RC_2014-07.parquet,6865471038,6.394,211.2072
2014-08,RC_2014-08.parquet,6865658663,6.3941,211.213
2014-09,RC_2014-09.parquet,6613714642,6.1595,210.2443
2014-10,RC_2014-10.parquet,6992636322,6.5124,215.1193
2014-11,RC_2014-11.parquet,6799209861,6.3323,216.1411
2014-12,RC_2014-12.parquet,7216401535,6.7208,222.0031
2015-01,RC_2015-01.parquet,8076566251,7.5219,248.465
2015-02,RC_2015-02.parquet,7393080412,6.8853,251.8068
2015-03,RC_2015-03.parquet,8306571717,7.7361,255.5408
2015-04,RC_2015-04.parquet,8298950160,7.729,263.8165
2015-05,RC_2015-05.parquet,8348276765,7.7749,256.8238
2015-06,RC_2015-06.parquet,8338822404,7.7661,265.084
2015-07,RC_2015-07.parquet,8993960530,8.3763,276.6874
2015-08,RC_2015-08.parquet,8923126405,8.3103,274.5083
2015-09,RC_2015-09.parquet,8496653033,7.9131,270.1013
2015-10,RC_2015-10.parquet,9098336860,8.4735,279.8984
2015-11,RC_2015-11.parquet,8816209861,8.2107,280.2598
2015-12,RC_2015-12.parquet,9091604808,8.4672,279.6913
2016-01,RC_2016-01.parquet,9795056363,9.1224,301.3321
2016-02,RC_2016-02.parquet,9455935261,8.8065,310.9615
